captured_at,bucket,event_id,title,datetime_local,datetime_utc,home_team,away_team,source,http,ok,error,listing_count,ticket_count,get_in_price,median_price,avg_price,max_price
2026-09-30T00:00:30+00:00,mlb_postseason,18343381,"Philadelphia Phillies at Atlanta Braves - NL Wild Card (Game 2, Home Game 2)",2026-09-30T14:00:00,,Atlanta Braves,Philadelphia Phillies,seatgeek,200,1,,1419,5808,35,74,119.24,2275
2026-09-30T00:00:30+00:00,mlb_postseason,18343325,"Chicago White Sox at Houston Astros - AL Wild Card (Game 2, Home Game 2)",2026-09-30T16:00:00,,Houston Astros,Chicago White Sox,seatgeek,200,1,,530,2339,27,90,142.08,1294
2026-09-30T00:00:30+00:00,mlb_postseason,18343521,"Chicago Cubs at San Diego Padres - NL Wild Card (Game 2, Home Game 2)",2026-09-30T19:00:00,,San Diego Padres,Chicago Cubs,seatgeek,200,1,,1376,3917,94,206,292.2,11654
2026-09-30T00:00:30+00:00,mlb_postseason,18343016,"Boston Red Sox at New York Yankees - AL Wild Card (Game 2, Home Game 2)",2026-09-30T20:00:00,,New York Yankees,Boston Red Sox,seatgeek,200,1,,1769,9850,130,257,406.64,5829
2026-09-30T00:00:30+00:00,mlb_postseason,18343384,"Philadelphia Phillies at Atlanta Braves - NL Wild Card (Game 3, Home Game 3)",2026-10-01T14:00:00,,Atlanta Braves,Philadelphia Phillies,seatgeek,200,1,,1523,6654,39,92,147.27,2275
2026-09-30T00:00:30+00:00,mlb_postseason,18343328,"Chicago White Sox at Houston Astros - AL Wild Card (Game 3, Home Game 3)",2026-10-01T16:00:00,,Houston Astros,Chicago White Sox,seatgeek,200,1,,635,3338,45,139,198.49,1603
2026-09-30T00:00:30+00:00,mlb_postseason,18343523,"Chicago Cubs at San Diego Padres - NL Wild Card (Game 3, Home Game 3)",2026-10-01T19:00:00,,San Diego Padres,Chicago Cubs,seatgeek,200,1,,1683,6089,100,229,325.57,11654
2026-09-30T00:00:30+00:00,mlb_postseason,18343018,"Boston Red Sox at New York Yankees - AL Wild Card (Game 3, Home Game 3)",2026-10-01T20:00:00,,New York Yankees,Boston Red Sox,seatgeek,200,1,,2523,13307,108,275,450.95,11304
2026-09-30T00:00:30+00:00,mlb_postseason,18343047,"TBD at Tampa Bay Rays - ALDS (Game 1, Home Game 1)",2026-10-03T03:30:00,,Tampa Bay Rays,,seatgeek,200,1,,1084,4881,104,306,693.38,12282
2026-09-30T00:00:30+00:00,mlb_postseason,18343161,"TBD at Cleveland Guardians - ALDS (Game 1, Home Game 1)",2026-10-03T03:30:00,,Cleveland Guardians,,seatgeek,200,1,,468,1810,130,254.5,288.33,2044
2026-09-30T00:00:30+00:00,mlb_postseason,18528103,"TBD at Milwaukee Brewers - NLDS (Game 1, Home Game 1)",2026-10-03T03:30:00,,Milwaukee Brewers,,seatgeek,200,1,,999,3892,146,357,554.66,91522
2026-09-30T00:00:30+00:00,mlb_postseason,18343498,"TBD at Los Angeles Dodgers - NLDS (Game 1, Home Game 1)",2026-10-03T03:30:00,,Los Angeles Dodgers,,seatgeek,200,1,,2733,11816,121,289,633.65,16963
2026-09-30T00:00:30+00:00,mlb_postseason,18528106,"TBD at Milwaukee Brewers - NLDS (Game 2, Home Game 2)",2026-10-04T03:30:00,,Milwaukee Brewers,,seatgeek,200,1,,1050,4157,147,345,444.5,3098
2026-09-30T00:00:30+00:00,mlb_postseason,18343499,"TBD at Los Angeles Dodgers - NLDS (Game 2, Home Game 2)",2026-10-04T03:30:00,,Los Angeles Dodgers,,seatgeek,200,1,,2826,12481,109,272.5,535.13,18406
2026-09-30T00:00:30+00:00,nfl_metlife,18016502,Arizona Cardinals at New York Giants,2026-10-04T13:00:00,,New York Giants,Arizona Cardinals,seatgeek,200,1,,971,3161,51,108,169.83,1418
2026-09-30T00:18:03+00:00,mlb_postseason,18343381,"Philadelphia Phillies at Atlanta Braves - NL Wild Card (Game 2, Home Game 2)",2026-09-30T14:00:00,,Atlanta Braves,Philadelphia Phillies,seatgeek,200,1,,1373,5581,37,74,119.09,2275
2026-09-30T00:18:03+00:00,mlb_postseason,18343325,"Chicago White Sox at Houston Astros - AL Wild Card (Game 2, Home Game 2)",2026-09-30T16:00:00,,Houston Astros,Chicago White Sox,seatgeek,200,1,,533,2339,26,90,140.61,1294
2026-09-30T00:18:03+00:00,mlb_postseason,18343521,"Chicago Cubs at San Diego Padres - NL Wild Card (Game 2, Home Game 2)",2026-09-30T19:00:00,,San Diego Padres,Chicago Cubs,seatgeek,200,1,,1395,3937,94,204,290.31,11654
2026-09-30T00:18:03+00:00,mlb_postseason,18343016,"Boston Red Sox at New York Yankees - AL Wild Card (Game 2, Home Game 2)",2026-09-30T20:00:00,,New York Yankees,Boston Red Sox,seatgeek,200,1,,1752,9740,130,258,409.51,5829
2026-09-30T00:18:03+00:00,mlb_postseason,18343384,"Philadelphia Phillies at Atlanta Braves - NL Wild Card (Game 3, Home Game 3)",2026-10-01T14:00:00,,Atlanta Braves,Philadelphia Phillies,seatgeek,200,1,,1524,6658,39,92,147.18,2275
2026-09-30T00:18:03+00:00,mlb_postseason,18343328,"Chicago White Sox at Houston Astros - AL Wild Card (Game 3, Home Game 3)",2026-10-01T16:00:00,,Houston Astros,Chicago White Sox,seatgeek,200,1,,637,3351,45,137,197.66,1603
2026-09-30T00:18:03+00:00,mlb_postseason,18343523,"Chicago Cubs at San Diego Padres - NL Wild Card (Game 3, Home Game 3)",2026-10-01T19:00:00,,San Diego Padres,Chicago Cubs,seatgeek,200,1,,1683,6087,100,227,324.81,11654
2026-09-30T00:18:03+00:00,mlb_postseason,18343018,"Boston Red Sox at New York Yankees - AL Wild Card (Game 3, Home Game 3)",2026-10-01T20:00:00,,New York Yankees,Boston Red Sox,seatgeek,200,1,,2357,12541,108,287,471.94,11304
2026-09-30T00:18:03+00:00,mlb_postseason,18343047,"TBD at Tampa Bay Rays - ALDS (Game 1, Home Game 1)",2026-10-03T03:30:00,,Tampa Bay Rays,,seatgeek,200,1,,1084,4860,104,306.5,693.57,12282
2026-09-30T00:18:03+00:00,mlb_postseason,18343161,"TBD at Cleveland Guardians - ALDS (Game 1, Home Game 1)",2026-10-03T03:30:00,,Cleveland Guardians,,seatgeek,200,1,,459,1780,107,257,289.23,2044
2026-09-30T00:18:03+00:00,mlb_postseason,18528103,"TBD at Milwaukee Brewers - NLDS (Game 1, Home Game 1)",2026-10-03T03:30:00,,Milwaukee Brewers,,seatgeek,200,1,,1000,3891,146,357,553.75,91522
2026-09-30T00:18:03+00:00,mlb_postseason,18343498,"TBD at Los Angeles Dodgers - NLDS (Game 1, Home Game 1)",2026-10-03T03:30:00,,Los Angeles Dodgers,,seatgeek,200,1,,2731,11819,121,287,632.34,16963
2026-09-30T00:18:03+00:00,mlb_postseason,18528106,"TBD at Milwaukee Brewers - NLDS (Game 2, Home Game 2)",2026-10-04T03:30:00,,Milwaukee Brewers,,seatgeek,200,1,,1033,4114,147,343,434.04,3098
2026-09-30T00:18:03+00:00,mlb_postseason,18343499,"TBD at Los Angeles Dodgers - NLDS (Game 2, Home Game 2)",2026-10-04T03:30:00,,Los Angeles Dodgers,,seatgeek,200,1,,2821,12455,109,273,535.6,18406
2026-09-30T00:18:03+00:00,nfl_metlife,18016502,Arizona Cardinals at New York Giants,2026-10-04T13:00:00,,New York Giants,Arizona Cardinals,seatgeek,200,1,,974,3169,49,107,169.08,1418
2026-09-30T01:00:26+00:00,mlb_postseason,18343381,"Philadelphia Phillies at Atlanta Braves - NL Wild Card (Game 2, Home Game 2)",2026-09-30T14:00:00,,Atlanta Braves,Philadelphia Phillies,seatgeek,200,1,,1367,5479,35,73,119.4,2275
2026-09-30T01:00:26+00:00,mlb_postseason,18343325,"Chicago White Sox at Houston Astros - AL Wild Card (Game 2, Home Game 2)",2026-09-30T16:00:00,,Houston Astros,Chicago White Sox,seatgeek,200,1,,528,2283,26,90,129.71,1150
2026-09-30T01:00:26+00:00,mlb_postseason,18343521,"Chicago Cubs at San Diego Padres - NL Wild Card (Game 2, Home Game 2)",2026-09-30T19:00:00,,San Diego Padres,Chicago Cubs,seatgeek,200,1,,1400,3928,88,201,283.21,11654
2026-09-30T01:00:26+00:00,mlb_postseason,18343016,"Boston Red Sox at New York Yankees - AL Wild Card (Game 2, Home Game 2)",2026-09-30T20:00:00,,New York Yankees,Boston Red Sox,seatgeek,200,1,,1693,9309,105,275,422.61,5829
2026-09-30T01:00:26+00:00,mlb_postseason,18343384,"Philadelphia Phillies at Atlanta Braves - NL Wild Card (Game 3, Home Game 3)",2026-10-01T14:00:00,,Atlanta Braves,Philadelphia Phillies,seatgeek,200,1,,1532,6687,39,92,146.64,2275
2026-09-30T01:00:26+00:00,mlb_postseason,18343328,"Chicago White Sox at Houston Astros - AL Wild Card (Game 3, Home Game 3)",2026-10-01T16:00:00,,Houston Astros,Chicago White Sox,seatgeek,200,1,,639,3369,45,139,198.28,1603
2026-09-30T01:00:26+00:00,mlb_postseason,18343523,"Chicago Cubs at San Diego Padres - NL Wild Card (Game 3, Home Game 3)",2026-10-01T19:00:00,,San Diego Padres,Chicago Cubs,seatgeek,200,1,,1679,6076,100,226,323.59,11654
2026-09-30T01:00:26+00:00,mlb_postseason,18343018,"Boston Red Sox at New York Yankees - AL Wild Card (Game 3, Home Game 3)",2026-10-01T20:00:00,,New York Yankees,Boston Red Sox,seatgeek,200,1,,2344,12451,124,288,472.2,11304
2026-09-30T01:00:26+00:00,mlb_postseason,18343047,"TBD at Tampa Bay Rays - ALDS (Game 1, Home Game 1)",2026-10-03T03:30:00,,Tampa Bay Rays,,seatgeek,200,1,,1098,4888,105,311,692.27,12282
2026-09-30T01:00:26+00:00,mlb_postseason,18343161,"TBD at Cleveland Guardians - ALDS (Game 1, Home Game 1)",2026-10-03T03:30:00,,Cleveland Guardians,,seatgeek,200,1,,455,1779,118,260,292.2,2044
2026-09-30T01:00:26+00:00,mlb_postseason,18528103,"TBD at Milwaukee Brewers - NLDS (Game 1, Home Game 1)",2026-10-03T03:30:00,,Milwaukee Brewers,,seatgeek,200,1,,983,3846,147,357,570.07,91522
2026-09-30T01:00:26+00:00,mlb_postseason,18343498,"TBD at Los Angeles Dodgers - NLDS (Game 1, Home Game 1)",2026-10-03T03:30:00,,Los Angeles Dodgers,,seatgeek,200,1,,2745,11828,121,289,648.88,16963
2026-09-30T01:00:26+00:00,mlb_postseason,18528106,"TBD at Milwaukee Brewers - NLDS (Game 2, Home Game 2)",2026-10-04T03:30:00,,Milwaukee Brewers,,seatgeek,200,1,,1045,4155,147,345,445.52,3690
2026-09-30T01:00:26+00:00,mlb_postseason,18343499,"TBD at Los Angeles Dodgers - NLDS (Game 2, Home Game 2)",2026-10-04T03:30:00,,Los Angeles Dodgers,,seatgeek,200,1,,2857,12547,109,281,560.71,18406
2026-09-30T01:00:26+00:00,nfl_metlife,18016502,Arizona Cardinals at New York Giants,2026-10-04T13:00:00,,New York Giants,Arizona Cardinals,seatgeek,200,1,,966,3131,50,107.5,169.04,1418
2026-09-30T02:00:25+00:00,mlb_postseason,18343381,"Philadelphia Phillies at Atlanta Braves - NL Wild Card (Game 2, Home Game 2)",2026-09-30T14:00:00,,Atlanta Braves,Philadelphia Phillies,seatgeek,200,1,,1349,5253,35,73,119.15,2275
2026-09-30T02:00:25+00:00,mlb_postseason,18343325,"Chicago White Sox at Houston Astros - AL Wild Card (Game 2, Home Game 2)",2026-09-30T16:00:00,,Houston Astros,Chicago White Sox,seatgeek,200,1,,542,2311,30,88.5,130.52,1150
2026-09-30T02:00:25+00:00,mlb_postseason,18343521,"Chicago Cubs at San Diego Padres - NL Wild Card (Game 2, Home Game 2)",2026-09-30T19:00:00,,San Diego Padres,Chicago Cubs,seatgeek,200,1,,1378,3850,90,204,285.91,11654
2026-09-30T02:00:25+00:00,mlb_postseason,18343016,"Boston Red Sox at New York Yankees - AL Wild Card (Game 2, Home Game 2)",2026-09-30T20:00:00,,New York Yankees,Boston Red Sox,seatgeek,200,1,,1559,8539,136,282,432.23,5829
2026-09-30T02:00:25+00:00,mlb_postseason,18343384,"Philadelphia Phillies at Atlanta Braves - NL Wild Card (Game 3, Home Game 3)",2026-10-01T14:00:00,,Atlanta Braves,Philadelphia Phillies,seatgeek,200,1,,1534,6714,41,92,147.27,2275
2026-09-30T02:00:25+00:00,mlb_postseason,18343328,"Chicago White Sox at Houston Astros - AL Wild Card (Game 3, Home Game 3)",2026-10-01T16:00:00,,Houston Astros,Chicago White Sox,seatgeek,200,1,,636,3346,45,140,198.61,1603
2026-09-30T02:00:25+00:00,mlb_postseason,18343523,"Chicago Cubs at San Diego Padres - NL Wild Card (Game 3, Home Game 3)",2026-10-01T19:00:00,,San Diego Padres,Chicago Cubs,seatgeek,200,1,,1684,6075,100,225.5,323.15,11654
2026-09-30T02:00:25+00:00,mlb_postseason,18343018,"Boston Red Sox at New York Yankees - AL Wild Card (Game 3, Home Game 3)",2026-10-01T20:00:00,,New York Yankees,Boston Red Sox,seatgeek,200,1,,2338,12483,124,288,473.53,11304
2026-09-30T02:00:25+00:00,mlb_postseason,18343047,"TBD at Tampa Bay Rays - ALDS (Game 1, Home Game 1)",2026-10-03T03:30:00,,Tampa Bay Rays,,seatgeek,200,1,,1093,4837,101,317,715.77,12282
2026-09-30T02:00:25+00:00,mlb_postseason,18343161,"TBD at Cleveland Guardians - ALDS (Game 1, Home Game 1)",2026-10-03T03:30:00,,Cleveland Guardians,,seatgeek,200,1,,438,1699,126,261.5,287.68,1030
2026-09-30T02:00:25+00:00,mlb_postseason,18528103,"TBD at Milwaukee Brewers - NLDS (Game 1, Home Game 1)",2026-10-03T03:30:00,,Milwaukee Brewers,,seatgeek,200,1,,966,3784,147,357.5,564.79,91522
2026-09-30T02:00:25+00:00,mlb_postseason,18343498,"TBD at Los Angeles Dodgers - NLDS (Game 1, Home Game 1)",2026-10-03T03:30:00,,Los Angeles Dodgers,,seatgeek,200,1,,2765,11857,121,289,651.24,16963
2026-09-30T02:00:25+00:00,mlb_postseason,18528106,"TBD at Milwaukee Brewers - NLDS (Game 2, Home Game 2)",2026-10-04T03:30:00,,Milwaukee Brewers,,seatgeek,200,1,,1027,4088,147,345,446.64,2971
2026-09-30T02:00:25+00:00,mlb_postseason,18343499,"TBD at Los Angeles Dodgers - NLDS (Game 2, Home Game 2)",2026-10-04T03:30:00,,Los Angeles Dodgers,,seatgeek,200,1,,2869,12519,102,282,564.96,18406
2026-09-30T02:00:25+00:00,nfl_metlife,18016502,Arizona Cardinals at New York Giants,2026-10-04T13:00:00,,New York Giants,Arizona Cardinals,seatgeek,200,1,,961,3095,50,107,168.34,1418
2026-09-30T02:26:49+00:00,mlb_postseason,18343381,"Philadelphia Phillies at Atlanta Braves - NL Wild Card (Game 2, Home Game 2)",2026-09-30T14:00:00,,Atlanta Braves,Philadelphia Phillies,seatgeek,200,1,,1338,5260,33,73,118.41,2275
2026-09-30T02:26:49+00:00,mlb_postseason,18343325,"Chicago White Sox at Houston Astros - AL Wild Card (Game 2, Home Game 2)",2026-09-30T16:00:00,,Houston Astros,Chicago White Sox,seatgeek,200,1,,548,2329,28,84,127.48,1150
2026-09-30T02:26:49+00:00,mlb_postseason,18343521,"Chicago Cubs at San Diego Padres - NL Wild Card (Game 2, Home Game 2)",2026-09-30T19:00:00,,San Diego Padres,Chicago Cubs,seatgeek,200,1,,1315,3678,96,204,292.33,11654
2026-09-30T02:26:49+00:00,mlb_postseason,18343016,"Boston Red Sox at New York Yankees - AL Wild Card (Game 2, Home Game 2)",2026-09-30T20:00:00,,New York Yankees,Boston Red Sox,seatgeek,200,1,,1521,8185,135,262,420.15,5829
2026-09-30T02:26:49+00:00,mlb_postseason,18343384,"Philadelphia Phillies at Atlanta Braves - NL Wild Card (Game 3, Home Game 3)",2026-10-01T14:00:00,,Atlanta Braves,Philadelphia Phillies,seatgeek,200,1,,1532,6703,38,92,146.74,2275
2026-09-30T02:26:49+00:00,mlb_postseason,18343328,"Chicago White Sox at Houston Astros - AL Wild Card (Game 3, Home Game 3)",2026-10-01T16:00:00,,Houston Astros,Chicago White Sox,seatgeek,200,1,,636,3346,45,139,198.53,1603
2026-09-30T02:26:49+00:00,mlb_postseason,18343523,"Chicago Cubs at San Diego Padres - NL Wild Card (Game 3, Home Game 3)",2026-10-01T19:00:00,,San Diego Padres,Chicago Cubs,seatgeek,200,1,,1673,6028,100,227,325.26,11654
2026-09-30T02:26:49+00:00,mlb_postseason,18343018,"Boston Red Sox at New York Yankees - AL Wild Card (Game 3, Home Game 3)",2026-10-01T20:00:00,,New York Yankees,Boston Red Sox,seatgeek,200,1,,2222,11574,122,292.5,487.75,11304
2026-09-30T02:26:49+00:00,mlb_postseason,18343047,"TBD at Tampa Bay Rays - ALDS (Game 1, Home Game 1)",2026-10-03T03:30:00,,Tampa Bay Rays,,seatgeek,200,1,,1081,4788,101,317,711.33,12282
2026-09-30T02:26:49+00:00,mlb_postseason,18343161,"TBD at Cleveland Guardians - ALDS (Game 1, Home Game 1)",2026-10-03T03:30:00,,Cleveland Guardians,,seatgeek,200,1,,439,1702,96,260,287.32,1030
2026-09-30T02:26:49+00:00,mlb_postseason,18528103,"TBD at Milwaukee Brewers - NLDS (Game 1, Home Game 1)",2026-10-03T03:30:00,,Milwaukee Brewers,,seatgeek,200,1,,961,3770,143,363,569.55,91522
2026-09-30T02:26:49+00:00,mlb_postseason,18343498,"TBD at Los Angeles Dodgers - NLDS (Game 1, Home Game 1)",2026-10-03T03:30:00,,Los Angeles Dodgers,,seatgeek,200,1,,2766,11861,118,292.5,652.61,16963
2026-09-30T02:26:49+00:00,mlb_postseason,18528106,"TBD at Milwaukee Brewers - NLDS (Game 2, Home Game 2)",2026-10-04T03:30:00,,Milwaukee Brewers,,seatgeek,200,1,,1041,4127,147,346,474.81,6705
2026-09-30T02:26:49+00:00,mlb_postseason,18343499,"TBD at Los Angeles Dodgers - NLDS (Game 2, Home Game 2)",2026-10-04T03:30:00,,Los Angeles Dodgers,,seatgeek,200,1,,2870,12505,102,281.5,560.89,18406
2026-09-30T02:26:49+00:00,nfl_metlife,18016502,Arizona Cardinals at New York Giants,2026-10-04T13:00:00,,New York Giants,Arizona Cardinals,seatgeek,200,1,,959,3085,50,108,168.75,1418
2026-09-30T03:01:01+00:00,mlb_postseason,18343381,"Philadelphia Phillies at Atlanta Braves - NL Wild Card (Game 2, Home Game 2)",2026-09-30T14:00:00,,Atlanta Braves,Philadelphia Phillies,seatgeek,200,1,,1342,5263,33,73,116.72,2275
2026-09-30T03:01:01+00:00,mlb_postseason,18343325,"Chicago White Sox at Houston Astros - AL Wild Card (Game 2, Home Game 2)",2026-09-30T16:00:00,,Houston Astros,Chicago White Sox,seatgeek,200,1,,535,2266,28,85,127.91,1150
2026-09-30T03:01:01+00:00,mlb_postseason,18343521,"Chicago Cubs at San Diego Padres - NL Wild Card (Game 2, Home Game 2)",2026-09-30T19:00:00,,San Diego Padres,Chicago Cubs,seatgeek,200,1,,1259,3460,101,210,299.93,11654
2026-09-30T03:01:01+00:00,mlb_postseason,18343016,"Boston Red Sox at New York Yankees - AL Wild Card (Game 2, Home Game 2)",2026-09-30T20:00:00,,New York Yankees,Boston Red Sox,seatgeek,200,1,,1474,7890,135,272,430.28,5829
2026-09-30T03:01:01+00:00,mlb_postseason,18343384,"Philadelphia Phillies at Atlanta Braves - NL Wild Card (Game 3, Home Game 3)",2026-10-01T14:00:00,,Atlanta Braves,Philadelphia Phillies,seatgeek,200,1,,1533,6714,38,92,145.71,2275
2026-09-30T03:01:01+00:00,mlb_postseason,18343328,"Chicago White Sox at Houston Astros - AL Wild Card (Game 3, Home Game 3)",2026-10-01T16:00:00,,Houston Astros,Chicago White Sox,seatgeek,200,1,,634,3304,45,138.5,198.97,1603
2026-09-30T03:01:01+00:00,mlb_postseason,18343523,"Chicago Cubs at San Diego Padres - NL Wild Card (Game 3, Home Game 3)",2026-10-01T19:00:00,,San Diego Padres,Chicago Cubs,seatgeek,200,1,,1661,5979,100,227,326.03,11654
2026-09-30T03:01:01+00:00,mlb_postseason,18343018,"Boston Red Sox at New York Yankees - AL Wild Card (Game 3, Home Game 3)",2026-10-01T20:00:00,,New York Yankees,Boston Red Sox,seatgeek,200,1,,2217,11547,124,293,489.49,11304
2026-09-30T03:01:01+00:00,mlb_postseason,18343047,"TBD at Tampa Bay Rays - ALDS (Game 1, Home Game 1)",2026-10-03T03:30:00,,Tampa Bay Rays,,seatgeek,200,1,,1066,4742,101,321.5,722.81,12282
2026-09-30T03:01:01+00:00,mlb_postseason,18343161,"TBD at Cleveland Guardians - ALDS (Game 1, Home Game 1)",2026-10-03T03:30:00,,Cleveland Guardians,,seatgeek,200,1,,446,1709,126,265,294.01,1030
2026-09-30T03:01:01+00:00,mlb_postseason,18528103,"TBD at Milwaukee Brewers - NLDS (Game 1, Home Game 1)",2026-10-03T03:30:00,,Milwaukee Brewers,,seatgeek,200,1,,952,3748,143,363,556.52,91522
2026-09-30T03:01:01+00:00,mlb_postseason,18343498,"TBD at Los Angeles Dodgers - NLDS (Game 1, Home Game 1)",2026-10-03T03:30:00,,Los Angeles Dodgers,,seatgeek,200,1,,2777,11865,109,293,660.45,17138
2026-09-30T03:01:01+00:00,mlb_postseason,18528106,"TBD at Milwaukee Brewers - NLDS (Game 2, Home Game 2)",2026-10-04T03:30:00,,Milwaukee Brewers,,seatgeek,200,1,,1039,4130,147,342,456.88,5226
2026-09-30T03:01:01+00:00,mlb_postseason,18343499,"TBD at Los Angeles Dodgers - NLDS (Game 2, Home Game 2)",2026-10-04T03:30:00,,Los Angeles Dodgers,,seatgeek,200,1,,2881,12528,115,282,559.08,18406
2026-09-30T03:01:01+00:00,nfl_metlife,18016502,Arizona Cardinals at New York Giants,2026-10-04T13:00:00,,New York Giants,Arizona Cardinals,seatgeek,200,1,,958,3079,48,108,168.77,1418
2026-09-30T04:00:24+00:00,mlb_postseason,18343381,"Philadelphia Phillies at Atlanta Braves - NL Wild Card (Game 2, Home Game 2)",2026-09-30T14:00:00,,Atlanta Braves,Philadelphia Phillies,seatgeek,200,1,,1329,5100,30,70,115.07,2275
2026-09-30T04:00:24+00:00,mlb_postseason,18343325,"Chicago White Sox at Houston Astros - AL Wild Card (Game 2, Home Game 2)",2026-09-30T16:00:00,,Houston Astros,Chicago White Sox,seatgeek,200,1,,524,2234,26,84.5,123.54,1294
2026-09-30T04:00:24+00:00,mlb_postseason,18343521,"Chicago Cubs at San Diego Padres - NL Wild Card (Game 2, Home Game 2)",2026-09-30T19:00:00,,San Diego Padres,Chicago Cubs,seatgeek,200,1,,1118,3092,117,232,336.77,11654
2026-09-30T04:00:24+00:00,mlb_postseason,18343016,"Boston Red Sox at New York Yankees - AL Wild Card (Game 2, Home Game 2)",2026-09-30T20:00:00,,New York Yankees,Boston Red Sox,seatgeek,200,1,,1436,7495,149,273.5,429.12,5829
2026-09-30T04:00:24+00:00,mlb_postseason,18343384,"Philadelphia Phillies at Atlanta Braves - NL Wild Card (Game 3, Home Game 3)",2026-10-01T14:00:00,,Atlanta Braves,Philadelphia Phillies,seatgeek,200,1,,1552,6774,38,92,148.96,2275
2026-09-30T04:00:24+00:00,mlb_postseason,18343328,"Chicago White Sox at Houston Astros - AL Wild Card (Game 3, Home Game 3)",2026-10-01T16:00:00,,Houston Astros,Chicago White Sox,seatgeek,200,1,,656,3400,45,146,211.73,1649
2026-09-30T04:00:24+00:00,mlb_postseason,18343523,"Chicago Cubs at San Diego Padres - NL Wild Card (Game 3, Home Game 3)",2026-10-01T19:00:00,,San Diego Padres,Chicago Cubs,seatgeek,200,1,,1665,5985,100,227,326.58,11654
2026-09-30T04:00:24+00:00,mlb_postseason,18343018,"Boston Red Sox at New York Yankees - AL Wild Card (Game 3, Home Game 3)",2026-10-01T20:00:00,,New York Yankees,Boston Red Sox,seatgeek,200,1,,2214,11505,123,292,490.52,11304
2026-09-30T04:00:24+00:00,mlb_postseason,18343047,"TBD at Tampa Bay Rays - ALDS (Game 1, Home Game 1)",2026-10-03T03:30:00,,Tampa Bay Rays,,seatgeek,200,1,,1084,4781,101,335,699.03,12282
2026-09-30T04:00:24+00:00,mlb_postseason,18343161,"TBD at Cleveland Guardians - ALDS (Game 1, Home Game 1)",2026-10-03T03:30:00,,Cleveland Guardians,,seatgeek,200,1,,456,1787,126,264,293.71,1030
2026-09-30T04:00:24+00:00,mlb_postseason,18528103,"TBD at Milwaukee Brewers - NLDS (Game 1, Home Game 1)",2026-10-03T03:30:00,,Milwaukee Brewers,,seatgeek,200,1,,945,3714,138,343,543.75,91522
2026-09-30T04:00:24+00:00,mlb_postseason,18343498,"TBD at Los Angeles Dodgers - NLDS (Game 1, Home Game 1)",2026-10-03T03:30:00,,Los Angeles Dodgers,,seatgeek,200,1,,2771,11785,117,293,657.8,19147
2026-09-30T04:00:24+00:00,mlb_postseason,18528106,"TBD at Milwaukee Brewers - NLDS (Game 2, Home Game 2)",2026-10-04T03:30:00,,Milwaukee Brewers,,seatgeek,200,1,,1019,4091,140,325,422.54,2801
2026-09-30T04:00:24+00:00,mlb_postseason,18343499,"TBD at Los Angeles Dodgers - NLDS (Game 2, Home Game 2)",2026-10-04T03:30:00,,Los Angeles Dodgers,,seatgeek,200,1,,2882,12516,114,282,556.44,18406
2026-09-30T04:00:24+00:00,nfl_metlife,18016502,Arizona Cardinals at New York Giants,2026-10-04T13:00:00,,New York Giants,Arizona Cardinals,seatgeek,200,1,,954,3071,50,108.5,168.9,1418
2026-09-30T05:00:26+00:00,mlb_postseason,18343381,"Philadelphia Phillies at Atlanta Braves - NL Wild Card (Game 2, Home Game 2)",2026-09-30T14:00:00,,Atlanta Braves,Philadelphia Phillies,seatgeek,200,1,,1319,5050,29,70,114.56,2275
2026-09-30T05:00:26+00:00,mlb_postseason,18343325,"Chicago White Sox at Houston Astros - AL Wild Card (Game 2, Home Game 2)",2026-09-30T16:00:00,,Houston Astros,Chicago White Sox,seatgeek,200,1,,525,2236,26,84,123.95,1432
2026-09-30T05:00:26+00:00,mlb_postseason,18343521,"Chicago Cubs at San Diego Padres - NL Wild Card (Game 2, Home Game 2)",2026-09-30T19:00:00,,San Diego Padres,Chicago Cubs,seatgeek,200,1,,1040,2833,124,233,359.28,11654
2026-09-30T05:00:26+00:00,mlb_postseason,18343016,"Boston Red Sox at New York Yankees - AL Wild Card (Game 2, Home Game 2)",2026-09-30T20:00:00,,New York Yankees,Boston Red Sox,seatgeek,200,1,,1427,7392,147,263,427.17,8703
2026-09-30T05:00:26+00:00,mlb_postseason,18343384,"Philadelphia Phillies at Atlanta Braves - NL Wild Card (Game 3, Home Game 3)",2026-10-01T14:00:00,,Atlanta Braves,Philadelphia Phillies,seatgeek,200,1,,1556,6768,38,92,148.48,2275
2026-09-30T05:00:26+00:00,mlb_postseason,18343328,"Chicago White Sox at Houston Astros - AL Wild Card (Game 3, Home Game 3)",2026-10-01T16:00:00,,Houston Astros,Chicago White Sox,seatgeek,200,1,,656,3410,45,146.5,211.48,1603
2026-09-30T05:00:26+00:00,mlb_postseason,18343523,"Chicago Cubs at San Diego Padres - NL Wild Card (Game 3, Home Game 3)",2026-10-01T19:00:00,,San Diego Padres,Chicago Cubs,seatgeek,200,1,,1649,5942,100,228,328.1,11654
2026-09-30T05:00:26+00:00,mlb_postseason,18343018,"Boston Red Sox at New York Yankees - AL Wild Card (Game 3, Home Game 3)",2026-10-01T20:00:00,,New York Yankees,Boston Red Sox,seatgeek,200,1,,2407,13794,120,299,481.43,11304
2026-09-30T05:00:26+00:00,mlb_postseason,18343047,"TBD at Tampa Bay Rays - ALDS (Game 1, Home Game 1)",2026-10-03T03:30:00,,Tampa Bay Rays,,seatgeek,200,1,,1083,4801,101,332,689.97,12282
2026-09-30T05:00:26+00:00,mlb_postseason,18343161,"TBD at Cleveland Guardians - ALDS (Game 1, Home Game 1)",2026-10-03T03:30:00,,Cleveland Guardians,,seatgeek,200,1,,459,1795,126,265,296.45,1461
2026-09-30T05:00:26+00:00,mlb_postseason,18528103,"TBD at Milwaukee Brewers - NLDS (Game 1, Home Game 1)",2026-10-03T03:30:00,,Milwaukee Brewers,,seatgeek,200,1,,955,3746,138,342,540.97,91522
2026-09-30T05:00:26+00:00,mlb_postseason,18343498,"TBD at Los Angeles Dodgers - NLDS (Game 1, Home Game 1)",2026-10-03T03:30:00,,Los Angeles Dodgers,,seatgeek,200,1,,2789,11788,99,295,678.92,19876
2026-09-30T05:00:26+00:00,mlb_postseason,18528106,"TBD at Milwaukee Brewers - NLDS (Game 2, Home Game 2)",2026-10-04T03:30:00,,Milwaukee Brewers,,seatgeek,200,1,,1037,4138,138,327,425.12,2801
2026-09-30T05:00:26+00:00,mlb_postseason,18343499,"TBD at Los Angeles Dodgers - NLDS (Game 2, Home Game 2)",2026-10-04T03:30:00,,Los Angeles Dodgers,,seatgeek,200,1,,2863,12394,116,282,569.86,18598
2026-09-30T05:00:26+00:00,nfl_metlife,18016502,Arizona Cardinals at New York Giants,2026-10-04T13:00:00,,New York Giants,Arizona Cardinals,seatgeek,200,1,,951,3065,50,107,168.74,1418
2026-09-30T05:43:49+00:00,mlb_postseason,18343381,"Philadelphia Phillies at Atlanta Braves - NL Wild Card (Game 2, Home Game 2)",2026-09-30T14:00:00,,Atlanta Braves,Philadelphia Phillies,seatgeek,200,1,,1319,5047,27,69,112.92,2275
2026-09-30T05:43:49+00:00,mlb_postseason,18343325,"Chicago White Sox at Houston Astros - AL Wild Card (Game 2, Home Game 2)",2026-09-30T16:00:00,,Houston Astros,Chicago White Sox,seatgeek,200,1,,521,2189,26,84,124.64,1432
2026-09-30T05:43:49+00:00,mlb_postseason,18343521,"Chicago Cubs at San Diego Padres - NL Wild Card (Game 2, Home Game 2)",2026-09-30T19:00:00,,San Diego Padres,Chicago Cubs,seatgeek,200,1,,1004,2729,125,240,365.38,11654
2026-09-30T05:43:49+00:00,mlb_postseason,18343016,"Boston Red Sox at New York Yankees - AL Wild Card (Game 2, Home Game 2)",2026-09-30T20:00:00,,New York Yankees,Boston Red Sox,seatgeek,200,1,,1433,7408,138,260,424.2,8703
2026-09-30T05:43:49+00:00,mlb_postseason,18343384,"Philadelphia Phillies at Atlanta Braves - NL Wild Card (Game 3, Home Game 3)",2026-10-01T14:00:00,,Atlanta Braves,Philadelphia Phillies,seatgeek,200,1,,1555,6761,38,92,148.49,2275
2026-09-30T05:43:49+00:00,mlb_postseason,18343328,"Chicago White Sox at Houston Astros - AL Wild Card (Game 3, Home Game 3)",2026-10-01T16:00:00,,Houston Astros,Chicago White Sox,seatgeek,200,1,,643,3343,45,148,214.69,1603
2026-09-30T05:43:49+00:00,mlb_postseason,18343523,"Chicago Cubs at San Diego Padres - NL Wild Card (Game 3, Home Game 3)",2026-10-01T19:00:00,,San Diego Padres,Chicago Cubs,seatgeek,200,1,,1636,5912,99,231,328.99,11654
2026-09-30T05:43:49+00:00,mlb_postseason,18343018,"Boston Red Sox at New York Yankees - AL Wild Card (Game 3, Home Game 3)",2026-10-01T20:00:00,,New York Yankees,Boston Red Sox,seatgeek,200,1,,2948,19551,116,292,447.02,11304
2026-09-30T05:43:49+00:00,mlb_postseason,18343047,"TBD at Tampa Bay Rays - ALDS (Game 1, Home Game 1)",2026-10-03T03:30:00,,Tampa Bay Rays,,seatgeek,200,1,,1091,4826,101,335,694.67,12282
2026-09-30T05:43:49+00:00,mlb_postseason,18343161,"TBD at Cleveland Guardians - ALDS (Game 1, Home Game 1)",2026-10-03T03:30:00,,Cleveland Guardians,,seatgeek,200,1,,458,1793,139,264,296.73,1461
2026-09-30T05:43:49+00:00,mlb_postseason,18528103,"TBD at Milwaukee Brewers - NLDS (Game 1, Home Game 1)",2026-10-03T03:30:00,,Milwaukee Brewers,,seatgeek,200,1,,963,3769,138,342,554.36,91522
2026-09-30T05:43:49+00:00,mlb_postseason,18343498,"TBD at Los Angeles Dodgers - NLDS (Game 1, Home Game 1)",2026-10-03T03:30:00,,Los Angeles Dodgers,,seatgeek,200,1,,2807,11832,99,295,678.36,19876
2026-09-30T05:43:49+00:00,mlb_postseason,18528106,"TBD at Milwaukee Brewers - NLDS (Game 2, Home Game 2)",2026-10-04T03:30:00,,Milwaukee Brewers,,seatgeek,200,1,,1042,4145,138,327,434.33,4359
2026-09-30T05:43:49+00:00,mlb_postseason,18343499,"TBD at Los Angeles Dodgers - NLDS (Game 2, Home Game 2)",2026-10-04T03:30:00,,Los Angeles Dodgers,,seatgeek,200,1,,2870,12432,116,281,570.3,18598
2026-09-30T05:43:49+00:00,nfl_metlife,18016502,Arizona Cardinals at New York Giants,2026-10-04T13:00:00,,New York Giants,Arizona Cardinals,seatgeek,200,1,,953,3066,50,107,185.73,5771
2026-09-30T06:00:25+00:00,mlb_postseason,18343381,"Philadelphia Phillies at Atlanta Braves - NL Wild Card (Game 2, Home Game 2)",2026-09-30T14:00:00,,Atlanta Braves,Philadelphia Phillies,seatgeek,200,1,,1323,5073,27,68,112.67,2275
2026-09-30T06:00:25+00:00,mlb_postseason,18343325,"Chicago White Sox at Houston Astros - AL Wild Card (Game 2, Home Game 2)",2026-09-30T16:00:00,,Houston Astros,Chicago White Sox,seatgeek,200,1,,521,2189,26,84,124.85,1432
2026-09-30T06:00:25+00:00,mlb_postseason,18343521,"Chicago Cubs at San Diego Padres - NL Wild Card (Game 2, Home Game 2)",2026-09-30T19:00:00,,San Diego Padres,Chicago Cubs,seatgeek,200,1,,1000,2704,125,238.5,362.1,11654
2026-09-30T06:00:25+00:00,mlb_postseason,18343016,"Boston Red Sox at New York Yankees - AL Wild Card (Game 2, Home Game 2)",2026-09-30T20:00:00,,New York Yankees,Boston Red Sox,seatgeek,200,1,,1436,7417,149,262,425.91,8703
2026-09-30T06:00:25+00:00,mlb_postseason,18343384,"Philadelphia Phillies at Atlanta Braves - NL Wild Card (Game 3, Home Game 3)",2026-10-01T14:00:00,,Atlanta Braves,Philadelphia Phillies,seatgeek,200,1,,1554,6759,38,92,148.48,2275
2026-09-30T06:00:25+00:00,mlb_postseason,18343328,"Chicago White Sox at Houston Astros - AL Wild Card (Game 3, Home Game 3)",2026-10-01T16:00:00,,Houston Astros,Chicago White Sox,seatgeek,200,1,,658,3413,45,148,211.98,1603
2026-09-30T06:00:25+00:00,mlb_postseason,18343523,"Chicago Cubs at San Diego Padres - NL Wild Card (Game 3, Home Game 3)",2026-10-01T19:00:00,,San Diego Padres,Chicago Cubs,seatgeek,200,1,,1636,5908,99,231,324.72,11654
2026-09-30T06:00:25+00:00,mlb_postseason,18343018,"Boston Red Sox at New York Yankees - AL Wild Card (Game 3, Home Game 3)",2026-10-01T20:00:00,,New York Yankees,Boston Red Sox,seatgeek,200,1,,2946,19546,116,293,447.57,11304
2026-09-30T06:00:25+00:00,mlb_postseason,18343047,"TBD at Tampa Bay Rays - ALDS (Game 1, Home Game 1)",2026-10-03T03:30:00,,Tampa Bay Rays,,seatgeek,200,1,,1085,4808,101,334,696.3,12282
2026-09-30T06:00:25+00:00,mlb_postseason,18343161,"TBD at Cleveland Guardians - ALDS (Game 1, Home Game 1)",2026-10-03T03:30:00,,Cleveland Guardians,,seatgeek,200,1,,458,1792,139,263.5,296.59,1461
2026-09-30T06:00:25+00:00,mlb_postseason,18528103,"TBD at Milwaukee Brewers - NLDS (Game 1, Home Game 1)",2026-10-03T03:30:00,,Milwaukee Brewers,,seatgeek,200,1,,966,3770,138,343.5,562.5,91522
2026-09-30T06:00:25+00:00,mlb_postseason,18343498,"TBD at Los Angeles Dodgers - NLDS (Game 1, Home Game 1)",2026-10-03T03:30:00,,Los Angeles Dodgers,,seatgeek,200,1,,2812,11832,99,295,679.31,19876
2026-09-30T06:00:25+00:00,mlb_postseason,18528106,"TBD at Milwaukee Brewers - NLDS (Game 2, Home Game 2)",2026-10-04T03:30:00,,Milwaukee Brewers,,seatgeek,200,1,,1041,4140,138,327,436.03,4359
2026-09-30T06:00:25+00:00,mlb_postseason,18343499,"TBD at Los Angeles Dodgers - NLDS (Game 2, Home Game 2)",2026-10-04T03:30:00,,Los Angeles Dodgers,,seatgeek,200,1,,2874,12439,116,281.5,570.86,18598
2026-09-30T06:00:25+00:00,nfl_metlife,18016502,Arizona Cardinals at New York Giants,2026-10-04T13:00:00,,New York Giants,Arizona Cardinals,seatgeek,200,1,,953,3066,50,107,185.73,5771
2026-09-30T06:34:46+00:00,mlb_postseason,18343381,"Philadelphia Phillies at Atlanta Braves - NL Wild Card (Game 2, Home Game 2)",2026-09-30T14:00:00,,Atlanta Braves,Philadelphia Phillies,seatgeek,200,1,,1320,5069,27,67,111.06,2275
2026-09-30T06:34:46+00:00,mlb_postseason,18343325,"Chicago White Sox at Houston Astros - AL Wild Card (Game 2, Home Game 2)",2026-09-30T16:00:00,,Houston Astros,Chicago White Sox,seatgeek,200,1,,524,2178,26,85,125.96,1432
2026-09-30T06:34:46+00:00,mlb_postseason,18343521,"Chicago Cubs at San Diego Padres - NL Wild Card (Game 2, Home Game 2)",2026-09-30T19:00:00,,San Diego Padres,Chicago Cubs,seatgeek,200,1,,1001,2702,130,240,362.65,11654
2026-09-30T06:34:46+00:00,mlb_postseason,18343016,"Boston Red Sox at New York Yankees - AL Wild Card (Game 2, Home Game 2)",2026-09-30T20:00:00,,New York Yankees,Boston Red Sox,seatgeek,200,1,,1436,7379,149,262,421.47,5867
2026-09-30T06:34:46+00:00,mlb_postseason,18343384,"Philadelphia Phillies at Atlanta Braves - NL Wild Card (Game 3, Home Game 3)",2026-10-01T14:00:00,,Atlanta Braves,Philadelphia Phillies,seatgeek,200,1,,1556,6769,38,92,148.42,2275
2026-09-30T06:34:46+00:00,mlb_postseason,18343328,"Chicago White Sox at Houston Astros - AL Wild Card (Game 3, Home Game 3)",2026-10-01T16:00:00,,Houston Astros,Chicago White Sox,seatgeek,200,1,,660,3422,45,148,215.56,1708
2026-09-30T06:34:46+00:00,mlb_postseason,18343523,"Chicago Cubs at San Diego Padres - NL Wild Card (Game 3, Home Game 3)",2026-10-01T19:00:00,,San Diego Padres,Chicago Cubs,seatgeek,200,1,,1641,5915,7,230,324.31,11654
2026-09-30T06:34:46+00:00,mlb_postseason,18343018,"Boston Red Sox at New York Yankees - AL Wild Card (Game 3, Home Game 3)",2026-10-01T20:00:00,,New York Yankees,Boston Red Sox,seatgeek,200,1,,2945,19542,116,293,448.09,11304
2026-09-30T06:34:46+00:00,mlb_postseason,18343047,"TBD at Tampa Bay Rays - ALDS (Game 1, Home Game 1)",2026-10-03T03:30:00,,Tampa Bay Rays,,seatgeek,200,1,,1168,5259,101,362.5,726.12,12282
2026-09-30T06:34:46+00:00,mlb_postseason,18343161,"TBD at Cleveland Guardians - ALDS (Game 1, Home Game 1)",2026-10-03T03:30:00,,Cleveland Guardians,,seatgeek,200,1,,457,1789,139,264,296.92,1461
2026-09-30T06:34:46+00:00,mlb_postseason,18528103,"TBD at Milwaukee Brewers - NLDS (Game 1, Home Game 1)",2026-10-03T03:30:00,,Milwaukee Brewers,,seatgeek,200,1,,970,3771,138,344,569.25,91522
2026-09-30T06:34:46+00:00,mlb_postseason,18343498,"TBD at Los Angeles Dodgers - NLDS (Game 1, Home Game 1)",2026-10-03T03:30:00,,Los Angeles Dodgers,,seatgeek,200,1,,3025,12926,113,310,752.75,20811
2026-09-30T06:34:46+00:00,mlb_postseason,18528106,"TBD at Milwaukee Brewers - NLDS (Game 2, Home Game 2)",2026-10-04T03:30:00,,Milwaukee Brewers,,seatgeek,200,1,,1048,4146,138,328.5,449.39,4359
2026-09-30T06:34:46+00:00,mlb_postseason,18343499,"TBD at Los Angeles Dodgers - NLDS (Game 2, Home Game 2)",2026-10-04T03:30:00,,Los Angeles Dodgers,,seatgeek,200,1,,2874,12447,116,281.5,569.38,18598
2026-09-30T06:34:46+00:00,nfl_metlife,18016502,Arizona Cardinals at New York Giants,2026-10-04T13:00:00,,New York Giants,Arizona Cardinals,seatgeek,200,1,,953,3067,50,108,185.8,5771
2026-09-30T07:00:27+00:00,mlb_postseason,18343381,"Philadelphia Phillies at Atlanta Braves - NL Wild Card (Game 2, Home Game 2)",2026-09-30T14:00:00,,Atlanta Braves,Philadelphia Phillies,seatgeek,200,1,,1323,5071,27,67,111.1,2275
2026-09-30T07:00:27+00:00,mlb_postseason,18343325,"Chicago White Sox at Houston Astros - AL Wild Card (Game 2, Home Game 2)",2026-09-30T16:00:00,,Houston Astros,Chicago White Sox,seatgeek,200,1,,451,1916,26,70,94.41,1150
2026-09-30T07:00:27+00:00,mlb_postseason,18343521,"Chicago Cubs at San Diego Padres - NL Wild Card (Game 2, Home Game 2)",2026-09-30T19:00:00,,San Diego Padres,Chicago Cubs,seatgeek,200,1,,998,2684,130,240,354.69,11654
2026-09-30T07:00:27+00:00,mlb_postseason,18343016,"Boston Red Sox at New York Yankees - AL Wild Card (Game 2, Home Game 2)",2026-09-30T20:00:00,,New York Yankees,Boston Red Sox,seatgeek,200,1,,1436,7374,121,262,421.18,5867
2026-09-30T07:00:27+00:00,mlb_postseason,18343384,"Philadelphia Phillies at Atlanta Braves - NL Wild Card (Game 3, Home Game 3)",2026-10-01T14:00:00,,Atlanta Braves,Philadelphia Phillies,seatgeek,200,1,,1556,6769,38,92,148.42,2275
2026-09-30T07:00:27+00:00,mlb_postseason,18343328,"Chicago White Sox at Houston Astros - AL Wild Card (Game 3, Home Game 3)",2026-10-01T16:00:00,,Houston Astros,Chicago White Sox,seatgeek,200,1,,662,3427,45,148,215.1,1708
2026-09-30T07:00:27+00:00,mlb_postseason,18343523,"Chicago Cubs at San Diego Padres - NL Wild Card (Game 3, Home Game 3)",2026-10-01T19:00:00,,San Diego Padres,Chicago Cubs,seatgeek,200,1,,1639,5905,99,229,324.52,11654
2026-09-30T07:00:27+00:00,mlb_postseason,18343018,"Boston Red Sox at New York Yankees - AL Wild Card (Game 3, Home Game 3)",2026-10-01T20:00:00,,New York Yankees,Boston Red Sox,seatgeek,200,1,,2946,19543,116,290,443.54,11304
2026-09-30T07:00:27+00:00,mlb_postseason,18343047,"TBD at Tampa Bay Rays - ALDS (Game 1, Home Game 1)",2026-10-03T03:30:00,,Tampa Bay Rays,,seatgeek,200,1,,1167,5252,101,361,726.67,12282
2026-09-30T07:00:27+00:00,mlb_postseason,18343161,"TBD at Cleveland Guardians - ALDS (Game 1, Home Game 1)",2026-10-03T03:30:00,,Cleveland Guardians,,seatgeek,200,1,,458,1791,139,263.5,296.78,1461
2026-09-30T07:00:27+00:00,mlb_postseason,18528103,"TBD at Milwaukee Brewers - NLDS (Game 1, Home Game 1)",2026-10-03T03:30:00,,Milwaukee Brewers,,seatgeek,200,1,,970,3771,138,344,569.09,91522
2026-09-30T07:00:27+00:00,mlb_postseason,18343498,"TBD at Los Angeles Dodgers - NLDS (Game 1, Home Game 1)",2026-10-03T03:30:00,,Los Angeles Dodgers,,seatgeek,200,1,,3021,12941,113,309,749.82,20811
2026-09-30T07:00:27+00:00,mlb_postseason,18528106,"TBD at Milwaukee Brewers - NLDS (Game 2, Home Game 2)",2026-10-04T03:30:00,,Milwaukee Brewers,,seatgeek,200,1,,1062,4176,138,334,477.19,6272
2026-09-30T07:00:27+00:00,mlb_postseason,18343499,"TBD at Los Angeles Dodgers - NLDS (Game 2, Home Game 2)",2026-10-04T03:30:00,,Los Angeles Dodgers,,seatgeek,200,1,,2889,12494,116,282,574.96,18598
2026-09-30T07:00:27+00:00,nfl_metlife,18016502,Arizona Cardinals at New York Giants,2026-10-04T13:00:00,,New York Giants,Arizona Cardinals,seatgeek,200,1,,953,3067,50,107,185.67,5771
