captured_at,bucket,event_id,title,datetime_local,home_team,away_team,source,http,ok,error,listing_count,ticket_count,get_in_price,median_price,avg_price,max_price
2026-09-28T15:42:21+00:00,mlb_postseason,18343017,"Boston Red Sox at New York Yankees - AL Wild Card (Game 1, Home Game 1)",2026-09-29T20:00:00,New York Yankees,Boston Red Sox,seatgeek,200,1,,1954,10636,120,241,369.29,6702
2026-09-28T15:42:35+00:00,mlb_postseason,18343379,"Philadelphia Phillies at Atlanta Braves - NL Wild Card (Game 1, Home Game 1)",2026-09-29T14:00:00,Atlanta Braves,Philadelphia Phillies,seatgeek,200,1,,1710,6333,36,78,126.75,2199
2026-09-28T15:42:35+00:00,mlb_postseason,18343324,"Chicago White Sox at Houston Astros - AL Wild Card (Game 1, Home Game 1)",2026-09-29T16:00:00,Houston Astros,Chicago White Sox,seatgeek,200,1,,497,2481,32,92,167.41,9235
2026-09-28T15:42:35+00:00,mlb_postseason,18343520,"Chicago Cubs at San Diego Padres - NL Wild Card (Game 1, Home Game 1)",2026-09-29T19:00:00,San Diego Padres,Chicago Cubs,seatgeek,200,1,,1540,4619,90,204,269.09,5680
2026-09-28T15:42:35+00:00,mlb_postseason,18343381,"Philadelphia Phillies at Atlanta Braves - NL Wild Card (Game 2, Home Game 2)",2026-09-30T14:00:00,Atlanta Braves,Philadelphia Phillies,seatgeek,200,1,,1618,6414,39,83,137.53,2842
2026-09-28T15:42:35+00:00,mlb_postseason,18343325,"Chicago White Sox at Houston Astros - AL Wild Card (Game 2, Home Game 2)",2026-09-30T16:00:00,Houston Astros,Chicago White Sox,seatgeek,200,1,,553,2899,33,90,145.73,2274
2026-09-28T15:42:35+00:00,mlb_postseason,18343521,"Chicago Cubs at San Diego Padres - NL Wild Card (Game 2, Home Game 2)",2026-09-30T19:00:00,San Diego Padres,Chicago Cubs,seatgeek,200,1,,1366,4337,92,220,305.99,11654
2026-09-28T15:42:35+00:00,mlb_postseason,18343016,"Boston Red Sox at New York Yankees - AL Wild Card (Game 2, Home Game 2)",2026-09-30T20:00:00,New York Yankees,Boston Red Sox,seatgeek,200,1,,1954,9718,107,280,489.66,7453
2026-09-28T15:42:35+00:00,mlb_postseason,18343384,"Philadelphia Phillies at Atlanta Braves - NL Wild Card (Game 3, Home Game 3)",2026-10-01T14:00:00,Atlanta Braves,Philadelphia Phillies,seatgeek,200,1,,1085,5290,45,118,192.52,2917
2026-09-28T15:42:35+00:00,mlb_postseason,18343328,"Chicago White Sox at Houston Astros - AL Wild Card (Game 3, Home Game 3)",2026-10-01T16:00:00,Houston Astros,Chicago White Sox,seatgeek,200,1,,719,3719,37,134,198.74,1742
2026-09-28T15:42:35+00:00,mlb_postseason,18343523,"Chicago Cubs at San Diego Padres - NL Wild Card (Game 3, Home Game 3)",2026-10-01T19:00:00,San Diego Padres,Chicago Cubs,seatgeek,200,1,,1409,5454,90,232,333.91,11654
2026-09-28T15:42:35+00:00,mlb_postseason,18343018,"Boston Red Sox at New York Yankees - AL Wild Card (Game 3, Home Game 3)",2026-10-01T20:00:00,New York Yankees,Boston Red Sox,seatgeek,200,1,,2868,14557,116,284.5,503.78,11304
2026-09-28T15:42:35+00:00,mlb_postseason,18343161,"TBD at Cleveland Guardians - ALDS (Game 1, Home Game 1)",2026-10-03T03:30:00,Cleveland Guardians,,seatgeek,200,1,,448,1754,106,300,335.64,1093
2026-09-28T15:42:35+00:00,mlb_postseason,18343047,"TBD at Tampa Bay Rays - ALDS (Game 1, Home Game 1)",2026-10-03T03:30:00,Tampa Bay Rays,,seatgeek,200,1,,996,5113,103,242.5,372.05,5930
2026-09-28T15:42:35+00:00,mlb_postseason,18528103,"TBD at Milwaukee Brewers - NLDS (Game 1, Home Game 1)",2026-10-03T03:30:00,Milwaukee Brewers,,seatgeek,200,1,,722,3228,147,331.5,368.33,1737
2026-09-28T15:42:35+00:00,mlb_postseason,18343498,"TBD at Los Angeles Dodgers - NLDS (Game 1, Home Game 1)",2026-10-03T03:30:00,Los Angeles Dodgers,,seatgeek,200,1,,2204,10212,151,302,530.73,20171
2026-09-28T15:42:35+00:00,mlb_postseason,18528106,"TBD at Milwaukee Brewers - NLDS (Game 2, Home Game 2)",2026-10-04T03:30:00,Milwaukee Brewers,,seatgeek,200,1,,714,3224,149,345,368.65,1034
2026-09-28T15:42:35+00:00,mlb_postseason,18343499,"TBD at Los Angeles Dodgers - NLDS (Game 2, Home Game 2)",2026-10-04T03:30:00,Los Angeles Dodgers,,seatgeek,200,1,,2322,11119,142,286,457.55,16991
2026-09-28T15:42:35+00:00,nfl_metlife,18016502,Arizona Cardinals at New York Giants,2026-10-04T13:00:00,New York Giants,Arizona Cardinals,seatgeek,200,1,,1016,3338,63,137,197.3,1770
2026-09-28T15:42:35+00:00,mlb_postseason,18343049,"TBD at Tampa Bay Rays - ALDS (Game 2, Home Game 2)",2026-10-05T03:30:00,Tampa Bay Rays,,seatgeek,200,1,,666,3512,115,209.5,294.33,5930
2026-09-28T15:42:35+00:00,mlb_postseason,18343162,"TBD at Cleveland Guardians - ALDS (Game 2, Home Game 2)",2026-10-05T03:30:00,Cleveland Guardians,,seatgeek,200,1,,495,2284,115,240,279.41,1084
2026-09-28T15:42:35+00:00,mlb_postseason,18528208,"Los Angeles Dodgers at Philadelphia Phillies - NLDS (Game 3, Home Game 1)",2026-10-06T03:30:00,Philadelphia Phillies,,seatgeek,200,1,,567,2617,201,414,466.97,2315
2026-09-28T15:42:35+00:00,mlb_postseason,18343385,"Los Angeles Dodgers at Atlanta Braves - NLDS (Game 3, Home Game 1)",2026-10-06T03:30:00,Atlanta Braves,,seatgeek,200,1,,903,4661,100,240,328.41,3560
2026-09-28T15:42:35+00:00,mlb_postseason,18343413,"Milwaukee Brewers at Chicago Cubs - NLDS (Game 3, Home Game 1)",2026-10-06T03:30:00,Chicago Cubs,,seatgeek,200,1,,484,1734,231,715.5,1187.52,11833
2026-09-28T15:42:35+00:00,mlb_postseason,18343522,"Milwaukee Brewers at San Diego Padres - NLDS (Game 3, Home Game 1)",2026-10-06T03:30:00,,,seatgeek,200,1,,878,4177,152,423,472.89,4745
2026-09-28T15:42:35+00:00,mlb_postseason,18343019,"Tampa Bay Rays at New York Yankees - ALDS (Game 3, Home Game 1)",2026-10-07T03:30:00,New York Yankees,,seatgeek,200,1,,1098,5145,112,309,554.55,20905
2026-09-28T15:42:35+00:00,mlb_postseason,18343134,"Tampa Bay Rays at Boston Red Sox - ALDS (Game 3, Home Game 1)",2026-10-07T03:30:00,Boston Red Sox,,seatgeek,200,1,,1064,4606,158,339,530.56,9343
2026-09-28T15:42:35+00:00,mlb_postseason,18343388,"Los Angeles Dodgers at Atlanta Braves - NLDS (Game 4, Home Game 2)",2026-10-07T03:30:00,Atlanta Braves,,seatgeek,200,1,,784,4267,97,251,354.68,3560
2026-09-28T15:42:35+00:00,mlb_postseason,18528211,"Los Angeles Dodgers at Philadelphia Phillies - NLDS (Game 4, Home Game 2)",2026-10-07T03:30:00,Philadelphia Phillies,,seatgeek,200,1,,431,1959,204,409,471.18,2315
2026-09-28T15:42:35+00:00,mlb_postseason,18343329,"Cleveland Guardians at Houston Astros - ALDS (Game 3, Home Game 1)",2026-10-07T03:30:00,Houston Astros,,seatgeek,200,1,,485,2898,71,168,189.3,1200
2026-09-28T15:42:35+00:00,mlb_postseason,18343189,"Cleveland Guardians at Chicago White Sox - ALDS (Game 3, Home Game 1)",2026-10-07T03:30:00,Chicago White Sox,,seatgeek,200,1,,990,4517,122,255.5,364.62,8300
2026-09-28T15:42:35+00:00,mlb_postseason,18343416,"Milwaukee Brewers at Chicago Cubs - NLDS (Game 4, Home Game 2)",2026-10-07T03:30:00,Chicago Cubs,,seatgeek,200,1,,432,1467,260,732,993,8992
2026-09-29T01:45:31+00:00,mlb_postseason,18343379,"Philadelphia Phillies at Atlanta Braves - NL Wild Card (Game 1, Home Game 1)",2026-09-29T14:00:00,Atlanta Braves,Philadelphia Phillies,seatgeek,200,1,,1671,5922,26,64,109.04,1737
2026-09-29T01:45:31+00:00,mlb_postseason,18343324,"Chicago White Sox at Houston Astros - AL Wild Card (Game 1, Home Game 1)",2026-09-29T16:00:00,Houston Astros,Chicago White Sox,seatgeek,200,1,,496,2227,31,97,169.4,3612
2026-09-29T01:45:31+00:00,mlb_postseason,18343520,"Chicago Cubs at San Diego Padres - NL Wild Card (Game 1, Home Game 1)",2026-09-29T19:00:00,San Diego Padres,Chicago Cubs,seatgeek,200,1,,1560,4490,94,202,257.91,4829
2026-09-29T01:45:31+00:00,mlb_postseason,18343017,"Boston Red Sox at New York Yankees - AL Wild Card (Game 1, Home Game 1)",2026-09-29T20:00:00,New York Yankees,Boston Red Sox,seatgeek,200,1,,1570,8147,132,262,419.81,5299
2026-09-29T01:45:31+00:00,mlb_postseason,18343381,"Philadelphia Phillies at Atlanta Braves - NL Wild Card (Game 2, Home Game 2)",2026-09-30T14:00:00,Atlanta Braves,Philadelphia Phillies,seatgeek,200,1,,1672,6353,35,75,121.75,2275
2026-09-29T01:45:31+00:00,mlb_postseason,18343325,"Chicago White Sox at Houston Astros - AL Wild Card (Game 2, Home Game 2)",2026-09-30T16:00:00,Houston Astros,Chicago White Sox,seatgeek,200,1,,522,2601,34,109.5,158.52,1150
2026-09-29T01:45:31+00:00,mlb_postseason,18343521,"Chicago Cubs at San Diego Padres - NL Wild Card (Game 2, Home Game 2)",2026-09-30T19:00:00,San Diego Padres,Chicago Cubs,seatgeek,200,1,,1448,4401,95,215,306.61,11654
2026-09-29T01:45:31+00:00,mlb_postseason,18343016,"Boston Red Sox at New York Yankees - AL Wild Card (Game 2, Home Game 2)",2026-09-30T20:00:00,New York Yankees,Boston Red Sox,seatgeek,200,1,,1841,9459,124,261,421.59,6706
2026-09-29T01:45:31+00:00,mlb_postseason,18343528,"Milwaukee Brewers at San Diego Padres - NLDS (Game 4, Home Game 2)",2026-10-07T03:30:00,,,seatgeek,200,1,,1099,4865,153,417,464.38,4745
2026-09-29T01:45:31+00:00,mlb_postseason,18343021,"Tampa Bay Rays at New York Yankees - ALDS (Game 4, Home Game 2)",2026-10-08T03:30:00,New York Yankees,,seatgeek,200,1,,1628,8852,116,269,441.4,16802
2026-09-29T01:45:31+00:00,mlb_postseason,18343135,"Tampa Bay Rays at Boston Red Sox - ALDS (Game 4, Home Game 2)",2026-10-08T03:30:00,Boston Red Sox,,seatgeek,200,1,,1007,4456,157,330,510.07,9343
2026-09-29T01:45:31+00:00,mlb_postseason,18343333,"Cleveland Guardians at Houston Astros - ALDS (Game 4, Home Game 2)",2026-10-08T03:30:00,Houston Astros,,seatgeek,200,1,,484,2886,70,169,185.69,712
2026-09-29T01:45:31+00:00,mlb_postseason,18343190,"Cleveland Guardians at Chicago White Sox - ALDS (Game 4, Home Game 2)",2026-10-08T03:30:00,Chicago White Sox,,seatgeek,200,1,,409,1890,111,351,538.3,9485
2026-09-29T01:45:31+00:00,mlb_postseason,18528108,"TBD at Milwaukee Brewers - NLDS (Game 5, Home Game 3)",2026-10-09T03:30:00,Milwaukee Brewers,,seatgeek,200,1,,631,3308,153,443,466.24,1486
2026-09-29T01:45:31+00:00,mlb_postseason,18343501,"TBD at Los Angeles Dodgers - NLDS (Game 5, Home Game 3)",2026-10-09T03:30:00,Los Angeles Dodgers,,seatgeek,200,1,,2894,15844,170,331,529.12,21289
2026-09-29T01:45:31+00:00,mlb_postseason,18343048,"TBD at Tampa Bay Rays - ALDS (Game 5, Home Game 3)",2026-10-10T03:30:00,Tampa Bay Rays,,seatgeek,200,1,,674,3991,125,285.5,375.78,5930
2026-09-29T01:45:31+00:00,mlb_postseason,18343164,"TBD at Cleveland Guardians - ALDS (Game 5, Home Game 3)",2026-10-10T03:30:00,Cleveland Guardians,,seatgeek,200,1,,1057,7061,107,210,251.17,966
2026-09-29T01:45:31+00:00,mlb_postseason,18528115,"TBD at Milwaukee Brewers - NLCS (Game 1, Home Game 1)",2026-10-11T03:30:00,Milwaukee Brewers,,seatgeek,200,1,,13,40,493,692,863.23,1780
2026-09-29T01:45:31+00:00,nfl_metlife,18014026,Cleveland Browns at New York Jets,2026-10-11T13:00:00,New York Jets,Cleveland Browns,seatgeek,200,1,,1112,4000,74,160,223.05,11760
2026-09-29T01:45:31+00:00,mlb_postseason,18343028,TBD at New York Yankees - ALCS (Home Game 1),2026-10-12T03:30:00,New York Yankees,,seatgeek,200,1,,535,2551,198,475,940.5,11988
2026-09-29T01:45:31+00:00,mlb_postseason,18343392,TBD at Atlanta Braves - NLCS (Home Game 1),2026-10-12T03:30:00,Atlanta Braves,,seatgeek,200,1,,721,4073,155,364,507.35,9248
2026-09-29T01:45:31+00:00,mlb_postseason,18343166,TBD at Cleveland Guardians - ALCS (Home Game 1),2026-10-12T03:30:00,Cleveland Guardians,,seatgeek,200,1,,531,2597,262,474,492.1,1673
2026-09-29T01:45:31+00:00,mlb_postseason,18343056,"TBD at Tampa Bay Rays - ALCS (Game 1, Home Game 1)",2026-10-12T03:30:00,Tampa Bay Rays,,seatgeek,200,1,,418,2559,199,369.5,447.78,8892
2026-09-29T01:45:31+00:00,mlb_postseason,18343139,TBD at Boston Red Sox - ALCS (Home Game 1),2026-10-12T03:30:00,Boston Red Sox,,seatgeek,200,1,,36,122,568,1107.5,1453.31,4366
2026-09-29T01:45:31+00:00,mlb_postseason,18528117,"TBD at Milwaukee Brewers - NLCS (Game 2, Home Game 2)",2026-10-12T03:30:00,Milwaukee Brewers,,seatgeek,200,1,,10,30,491,998.5,989.3,1666
2026-09-29T01:45:31+00:00,mlb_postseason,18343195,"TBD at Chicago White Sox - ALCS (Game 3, Home Game 1)",2026-10-12T03:30:00,,,seatgeek,200,1,,287,1238,177,449,623.28,11855
2026-09-29T01:45:31+00:00,mlb_postseason,18343336,TBD at Houston Astros - ALCS (Home Game 1),2026-10-12T03:30:00,Houston Astros,,seatgeek,200,1,,19,71,256,312,508.63,1797
2026-09-29T01:45:31+00:00,mlb_postseason,18343029,TBD at New York Yankees - ALCS (Home Game 2),2026-10-13T03:30:00,New York Yankees,,seatgeek,200,1,,536,2575,207,493,895.24,11988
2026-09-29T01:45:31+00:00,mlb_postseason,18528219,TBD at Philadelphia Phillies - NLCS (Home Game 1),2026-10-13T03:30:00,Philadelphia Phillies,,seatgeek,200,1,,18,68,633,1008,1468.11,4744
2026-09-29T01:45:31+00:00,mlb_postseason,18343057,"TBD at Tampa Bay Rays - ALCS (Game 2, Home Game 2)",2026-10-13T03:30:00,Tampa Bay Rays,,seatgeek,200,1,,394,2493,194,365,452.79,8892
2026-09-29T01:45:31+00:00,mlb_postseason,18343140,TBD at Boston Red Sox - ALCS (Home Game 2),2026-10-13T03:30:00,Boston Red Sox,,seatgeek,200,1,,14,43,703,1105.5,1512.07,4366
2026-09-29T01:45:31+00:00,mlb_postseason,18343394,TBD at Atlanta Braves - NLCS (Home Game 2),2026-10-13T03:30:00,Atlanta Braves,,seatgeek,200,1,,724,4082,155,357.5,505.02,9248
